detector,event,density,median_fwd_20,win_rate_20,p5_fwd_20,stability_delta
baseline,AR,0.2446321726025683,0.0210819193122946,0.633574457470691,-0.1983426028921023,0.012226385644266001
baseline,AR_TOP,0.35591376152754617,-0.0056898459896865,0.45761494252873564,-0.31870916111561504,-0.0053360555097429
baseline,BC,0.3874074463469244,-0.00957989704680455,0.43380653681082865,-0.3580161765698473,-0.00037971582111380117
baseline,SC,0.3076195422413248,0.0237983648388271,0.6287118977384464,-0.20435448147292978,0.01257800270121835
baseline,SOS,0.27431116554573703,-0.02116915255567325,0.38079470198675497,-0.37142857142857133,0.015249372546961251
baseline,SOW,0.15828796236356657,0.0214377915953056,0.6409107876073161,-0.19743091005104738,0.025975323549011848
baseline,SPRING,0.12544789324893607,0.0452511144922144,0.706244087038789,-0.15445382833668386,0.0012623538330182038
baseline,UT,0.279345472041028,-0.03730606578300575,0.32532467532467535,-0.4182943469785575,-0.0103728914351243
