window,event,lookback_days,count_event,count_baseline,median_event,median_baseline,median_delta,win_rate_event,win_rate_baseline,win_rate_delta,p5_event,p5_baseline,p5_delta
5,SOS_AFTER_BC,60,1012,6505,-0.00301306667394695,-0.0069547938400397,0.00394172716609275,0.44762845849802374,0.4175249807840123,0.03010347771401145,-0.1707293286301083,-0.22972017954350105,0.058990850913392734
10,SOS_AFTER_BC,60,990,6362,-0.0024786607176988,-0.010159479228469,0.007680818510770199,0.4575757575757576,0.40741905061301475,0.050156706962742825,-0.21729840806120174,-0.2795058590259677,0.06220745096476596
20,SOS_AFTER_BC,60,943,6058,-0.0060975609756097,-0.00957989704680455,0.0034823360711948503,0.4496288441145281,0.43380653681082865,0.015822307303699434,-0.3275458426181974,-0.3580161765698473,0.030470333951649886
40,SOS_AFTER_BC,60,848,5295,-0.0036865021093837502,-0.016791308028785,0.01310480591940125,0.4740566037735849,0.42681775259678945,0.04723885117679544,-0.4253325194663832,-0.4663107721639657,0.04097825269758254
