detector,event,density,median_fwd_20,win_rate_20,p5_fwd_20,stability_delta
spring_after_sc,SPRING,0.01363945829538129,0.01790486833954915,0.5688073394495413,-0.2480984042553192,0.023077182008125398
