window,event,count_event,count_baseline,median_event,median_baseline,median_delta,win_rate_event,win_rate_baseline,win_rate_delta,p5_event,p5_baseline,p5_delta
5,SOW,2698,33405,0.00925458069284495,-0.0045815752318252,0.013836155924670149,0.6226834692364714,0.4479269570423589,0.17475651219411253,-0.11323055656635139,-0.19384549631370865,0.08061493974735726
10,SOW,2691,32867,0.0136342266102491,-0.0016051364365972,0.0152393630468463,0.6265328874024526,0.48334195393555845,0.14319093346689415,-0.15204318024408295,-0.24325091836676913,0.09120773812268618
20,SOW,2679,31984,0.0214377915953056,-0.00125680054882255,0.02269459214412815,0.6409107876073161,0.48880690345172584,0.15210388415559029,-0.19743091005104738,-0.31060402045590546,0.11317311040485808
40,SOW,2603,29137,0.0345691382765529,-0.0035691109669045,0.0381382492434574,0.6796004610065309,0.4826509249407969,0.196949536065734,-0.2406523157208089,-0.42106974753958065,0.18041743181877176
