detector,event,density,median_fwd_20,win_rate_20,p5_fwd_20,stability_delta
sequence,SEQ_ACCUM_BREAKOUT,5.853844761966221e-05,-0.46894689468946893,0.0,-0.46894689468946893,
sequence,SEQ_DISTRIBUTION_TOP,0.35556253084182826,-0.005689845989686526,0.457569219705142,-0.3187801198525663,-0.005327879298041072
sequence,SEQ_FAILED_ACCUM,0.005268460285769599,0.01075224255375895,0.5487804878048781,-0.27693997941246334,-0.020789756610759547
sequence,SEQ_MARKDOWN_START,0.0012293074000129063,-0.021335901672511592,0.35,-0.21666153302911778,-0.07739646916516596
sequence,SEQ_RECOVERY,0.00954176696200494,0.014259826917540241,0.6125,-0.21173548140667764,0.029282348188728546
