detector,event,density,median_fwd_20,win_rate_20,p5_fwd_20,stability_delta
sequence,SEQ_DISTRIBUTION_TOP,0.35556253084182826,-0.005689845989686526,0.457569219705142,-0.3187801198525663,-0.005327879298041072
sequence,SEQ_FAILED_ACCUM,0.005268460285769599,0.01075224255375895,0.5487804878048781,-0.27693997941246334,-0.020789756610759547
sequence,SEQ_MARKDOWN_START,0.0017561534285898662,0.008898776418242438,0.5172413793103449,-0.18675673659294229,-0.06314146628518075
sequence,SEQ_RECOVERY,0.00954176696200494,0.014259826917540241,0.6125,-0.21173548140667764,0.029282348188728546
