window,event,count_event,count_baseline,median_event,median_baseline,median_delta,win_rate_event,win_rate_baseline,win_rate_delta,p5_event,p5_baseline,p5_delta
5,SOS,4658,31445,-0.00623650713565885,-0.0026845637583893,-0.00355194337726955,0.41648776298840706,0.4675783113372555,-0.051090548348848464,-0.21184817560747923,-0.1854267924510074,-0.026421383156471828
10,SOS,4615,30943,-0.0109363295880149,0.0010427528675702,-0.011979082455585101,0.4036836403033586,0.5076754031606502,-0.10399176285729156,-0.29299296047033346,-0.23025922092982565,-0.06273373954050782
20,SOS,4530,30133,-0.02116915255567325,0.0029123138459641,-0.02408146640163735,0.38079470198675497,0.5185676832708327,-0.13777298128407772,-0.37142857142857133,-0.2944444444444444,-0.07698412698412693
40,SOS,4393,27347,-0.0418230563002679,0.0053494195310721,-0.047172475831339995,0.341224675620305,0.5241159907850953,-0.1828913151647903,-0.4938343122267814,-0.3907619109522262,-0.10307240127455525
