detector,event,density,median_fwd_20,win_rate_20,p5_fwd_20,stability_delta
transition,ACCUMULATION->MARKUP,0.020078687533544137,-0.020179372197309364,0.38699690402476783,-0.376702380952381,0.01999165457150137
transition,DISTRIBUTION->MARKDOWN,0.017912764971616636,0.05022831050228316,0.6936026936026936,-0.19272003132516644,-0.012489470624543642
transition,MARKDOWN->ACCUMULATION,0.07773905843891141,0.029956807027024857,0.6814362108479756,-0.13594701589952224,-0.006550297246312398
transition,MARKUP->DISTRIBUTION,0.13504819865856071,-0.04244190153281052,0.3066964285714286,-0.4350412509117209,-0.0014496683857189163
