window,event,count_event,count_baseline,median_event,median_baseline,median_delta,win_rate_event,win_rate_baseline,win_rate_delta,p5_event,p5_baseline,p5_delta
5,AR,4151,31952,0.0,-0.0036707155170705,0.0036707155170705,0.4950614309804866,0.4565598397596395,0.03850159122084712,-0.11552080167755716,-0.19654076141120183,0.08101995973364468
10,AR,4108,31450,0.009911981800354751,-0.00221207209875715,0.012124053899111902,0.6141674780915287,0.4785055643879173,0.13566191370361141,-0.14873402809795483,-0.24635957565605804,0.09762554755810321
20,AR,4009,30654,0.0210819193122946,-0.0021780562463901,0.0232599755586847,0.633574457470691,0.48316696026619693,0.15040749720449403,-0.1983426028921023,-0.3143253955620642,0.11598279266996189
40,AR,3590,28150,0.037543456032719746,-0.0044137912422473995,0.04195724727496715,0.6540389972144847,0.47900532859680284,0.17503366861768183,-0.25438682987645933,-0.42467492593805145,0.17028809606159212
