detector,event,density,median_fwd_20,win_rate_20,p5_fwd_20,stability_delta,event_count
baseline,AR,0.24463217260256837,0.0210819193122946,0.633574457470691,-0.1983426028921023,0.012226385644266001,4179
baseline,AR_TOP,0.3559137615275462,-0.0056898459896865,0.45761494252873564,-0.31870916111561504,-0.0053360555097429,6080
baseline,BC,0.3874074463469245,-0.00957989704680455,0.43380653681082865,-0.3580161765698473,-0.00037971582111380117,6618
baseline,SC,0.3076195422413249,0.0237983648388271,0.6287118977384464,-0.20435448147292978,0.01257800270121835,5255
baseline,SOS,0.2743111655457371,-0.02116915255567325,0.38079470198675497,-0.37142857142857133,0.015249372546961251,4686
baseline,SOW,0.1582879623635666,0.0214377915953056,0.6409107876073161,-0.19743091005104738,0.025975323549011848,2704
baseline,SPRING,0.1254478932489361,0.0452511144922144,0.706244087038789,-0.15445382833668386,0.0012623538330182038,2143
baseline,UT,0.27934547204102805,-0.03730606578300575,0.32532467532467535,-0.4182943469785575,-0.0103728914351243,4772
