window,count_bc,count_baseline,median_bc,median_baseline,median_delta,win_rate_bc,win_rate_baseline,win_rate_delta,p5_bc,p5_baseline,p5_delta
5,6505,29598,-0.0069547938400397,-0.00249056233494035,-0.00446423150509935,0.4175249807840123,0.47053854990202043,-0.05301356911800814,-0.22972017954350105,-0.1780068875565854,-0.051713291986915655
10,6362,29196,-0.010159479228469,0.0015904578222165002,-0.0117499370506855,0.40741905061301475,0.513083984107412,-0.1056649334943972,-0.2795058590259677,-0.22404684512428305,-0.055459013901684645
20,6058,28605,-0.00957989704680455,0.0024732069249793,-0.01205310397178385,0.43380653681082865,0.5147002272330012,-0.08089369042217259,-0.3580161765698473,-0.2882910950941641,-0.06972508147568318
40,5295,26445,-0.016791308028785,0.0032243918796914,-0.0200156999084764,0.42681775259678945,0.5132161089052751,-0.08639835630848569,-0.4663107721639657,-0.3912659002187389,-0.0750448719452268
