detector,event,density,median_fwd_20,win_rate_20,p5_fwd_20,stability_delta
incremental_baseline,AR,0.25639840057412044,0.01527155198214645,0.6010662957811775,-0.19487648221343878,0.012303518465376698
incremental_baseline,AR_TOP,0.3645189133276366,-0.00116887388534395,0.4905629677839245,-0.28037738540850576,0.0033353748848304002
incremental_baseline,BC,0.3876416001374031,-0.0029888983774551,0.47481243301178994,-0.29086457318152037,0.0059270124592885
incremental_baseline,SC,0.30773661913656425,0.020797572339381898,0.6181572860447185,-0.19966824644549758,0.0118280610619288
incremental_baseline,SOS,0.28847746986969536,-0.0034745030250649,0.480231836058787,-0.3505767354962236,0.01041239644387795
incremental_baseline,SOW,0.1404922742871893,0.0245986535473847,0.6161358811040339,-0.2279884019534593,0.018951642574545798
incremental_baseline,SPRING,0.08769059453425398,0.0279720279720279,0.6111493461803166,-0.21822022741985933,0.01085856393256655
incremental_baseline,UT,0.26236932223132603,-0.020187439793294,0.41105275176981043,-0.34142200360082303,0.006652217990955202
