window,event,count_event,count_baseline,median_event,median_baseline,median_delta,win_rate_event,win_rate_baseline,win_rate_delta,p5_event,p5_baseline,p5_delta
5,AR_TOP,5974,30129,-0.00203313140463975,-0.0035573466201427,0.00152421521550295,0.4725477067291597,0.45869428125726047,0.013853425471899217,-0.1787761673517913,-0.19047619047619035,0.01170002312439905
10,AR_TOP,5771,29787,-0.001639642922208,0.0,-0.001639642922208,0.48033269797262174,0.49686104676536746,-0.01652834879274573,-0.2328417196838249,-0.2383425253991292,0.005500805715304313
20,AR_TOP,5568,29095,-0.0056898459896865,0.0015203332201054,-0.0072101792097919,0.45761494252873564,0.5087815775906513,-0.05116663506191571,-0.31870916111561504,-0.2994320363396033,-0.019277124776011734
40,AR_TOP,4818,26922,-0.01322621994785305,0.00211478670221835,-0.0153410066500714,0.441884599418846,0.5089889309858109,-0.06710433156696488,-0.4442666342273715,-0.4004712037036665,-0.04379543052370499
