detector,event,density,median_fwd_20,win_rate_20,p5_fwd_20,stability_delta
contextual_event,SOS_after_ACCUMULATION,0.022186071647851975,-0.02466685516264311,0.37359550561797755,-0.4388634809953514,0.024054415911809124
contextual_event,SOS_after_DISTRIBUTION,0.13797512103954382,-0.00992065279694565,0.4281867145421903,-0.31812560231288145,0.01174605581064303
contextual_event,SOS_after_MARKDOWN,0.011180843495355482,-0.04495521506036004,0.2857142857142857,-0.45373434343434343,-0.0474491465084344
contextual_event,SOW_after_ACCUMULATION,0.057894524695845925,0.03413090374404304,0.6468172484599589,-0.22184580851673555,0.008119523224514036
contextual_event,SOW_after_DISTRIBUTION,0.02037137977164245,0.04631112534699988,0.6873156342182891,-0.21489135725981326,-0.01162458024651336
contextual_event,SOW_after_MARKUP,0.006439229238162843,0.03367895656666575,0.6818181818181818,-0.16283757338551857,0.04394225457988621
