detector,event,density,median_fwd_20,win_rate_20,p5_fwd_20,stability_delta
spring_after_ATR_compression_ratio,SPRING,0.015629765514449806,0.04506171147813175,0.6515151515151515,-0.21865320145859465,0.013733447776644196
