detector,event,density,median_fwd_20,win_rate_20,p5_fwd_20,stability_delta,event_count
spring_after_ATR_compression_ratio,SPRING,0.008546613352470681,0.045271340850960046,0.6527777777777778,-0.18473511214230462,0.0628638877974126,146
